samples,Bladder Urothelial Carcinoma,Breast invasive carcinoma,Cervical squamous cell carcinoma and endocervical adenocarcinoma,Colon adenocarcinoma,Head and Neck squamous cell carcinoma,Kidney renal clear cell carcinoma,Kidney renal papillary cell carcinoma,Brain Lower Grade Glioma,Liver hepatocellular carcinoma,Lung adenocarcinoma,Lung squamous cell carcinoma,Ovarian serous cystadenocarcinoma,Prostate adenocarcinoma,Skin Cutaneous Melanoma,Stomach adenocarcinoma,Thyroid carcinoma,Uterine Corpus Endometrial Carcinoma,predicted_class,probability
SRR10351677,1.8646876e-06,1.1549788e-06,6.364627e-08,3.9742005e-08,3.6792027e-08,8.436482e-06,5.1688025e-06,0.99990666,1.19268195e-08,5.346433e-08,1.17434125e-08,7.4115186e-10,5.699692e-07,5.729257e-05,4.2727838e-10,1.5616919e-05,3.0036915e-06,Brain Lower Grade Glioma,0.99990666
SRR10362449,2.2065922e-06,8.5842186e-07,9.3956196e-08,6.775781e-08,3.383659e-08,1.1061766e-05,1.296472e-05,0.9998493,2.371257e-08,6.153601e-08,1.6955568e-08,1.5184346e-09,7.891578e-07,0.00010326587,6.9784833e-10,1.20169525e-05,7.1266904e-06,Brain Lower Grade Glioma,0.9998493
1zebA_H2D,0.30236387,0.041242287,0.08455739,0.0618981,0.061070923,0.047866903,0.0460615,0.013874702,0.008918041,0.028368073,0.06156057,0.019815002,0.009214513,0.019358937,0.044660937,0.063639194,0.08552902,None,0.30236387
2zebA_H2D,0.20876877,0.028245067,0.15819816,0.10722564,0.09332752,0.034818683,0.030048845,0.009755659,0.010561589,0.040120486,0.058060702,0.0153699815,0.00648312,0.010733692,0.07686097,0.045617145,0.06580401,None,0.20876877
