samples,Bladder Urothelial Carcinoma,Breast invasive carcinoma,Cervical squamous cell carcinoma and endocervical adenocarcinoma,Colon adenocarcinoma,Glioblastoma multiforme,Head and Neck squamous cell carcinoma,Kidney renal clear cell carcinoma,Kidney renal papillary cell carcinoma,Brain Lower Grade Glioma,Liver hepatocellular carcinoma,Lung adenocarcinoma,Lung squamous cell carcinoma,Ovarian serous cystadenocarcinoma,Prostate adenocarcinoma,Skin Cutaneous Melanoma,Stomach adenocarcinoma,Thyroid carcinoma,Uterine Corpus Endometrial Carcinoma,predicted_class,probability
SRR10351677,3.2651053e-05,7.748492e-07,3.336032e-05,0.0006740085,0.08305716,0.00010248211,0.0002451273,8.454593e-05,0.91531026,6.261959e-07,7.0725975e-05,3.4012696e-06,1.2090986e-05,0.00012952347,2.5986345e-05,0.00020585368,1.0355649e-05,1.045318e-06,Brain Lower Grade Glioma,0.91531026
SRR10362449,0.00031920653,1.0585028e-05,5.6410507e-05,0.0002550036,0.019557035,0.00034370492,0.0002748622,0.00020456687,0.9773307,1.3620971e-06,7.664896e-05,6.4808605e-06,6.194776e-06,0.0010718579,0.00028338743,0.00018223241,1.1736845e-05,8.0715245e-06,Brain Lower Grade Glioma,0.9773307
1zebA_H2D,0.18786053,0.024073211,0.093109615,0.10728614,0.010271069,0.17835103,0.019830775,0.01573719,0.019238893,0.030303277,0.022974411,0.1278118,0.0069430983,0.0123228505,0.012005646,0.101686925,0.0074044955,0.022789003,Bladder Urothelial Carcinoma,0.18786053
2zebA_H2D,0.31988034,0.04468642,0.07348296,0.035417587,0.007993613,0.15625417,0.019820666,0.019917944,0.018182296,0.036409937,0.011663631,0.09060491,0.0076437998,0.016669083,0.033043087,0.06505152,0.004999827,0.038278136,Bladder Urothelial Carcinoma,0.31988034
